日付,格言,発言者,解説
01-01,"群れから離れるたびに、私はたくさんのお金を稼いできました。行動から離れることは、新しい行動を見つける方法です。(Nearly every time I strayed from the herd, I've made a lot of money. Wandering away from the action is the way to find the new action.)",ウォール街の名言,
01-02,買いたい弱気 売りたい強気,日本の相場格言,希望的観測にとらわれ、買いたいのに弱気で売ったり、売りたいのに強気で買ったりする心理の逆転を戒める。
01-03,"10 月: これは、株の投機にとって特に危険な月の 1 つです。その他は、7 月、1 月、9 月、4 月、11 月、5 月、3 月、6 月、12 月、8 月、2 月です。 (October: This is one of the peculiarly dangerous months to speculate in stocks. The others are July, January, September, April, November, May, March, June, December, August and February.)",ウォール街の名言,
01-04,1月効果,アノマリー,マーケットにおける1月の収益率が、ほかの月よりも高くなりやすい現象のことである。「年末に税金対策としての売りが出やすくなる」「年が明けると新たな資金流入がしやすくなる」などが原因といわれている。
01-05,年末ラリー,アノマリー,文字どおり年末にかけて株価が上昇するというアノマリーのこと。年末、クリスマス休暇を取る市場参加者が増えてくると、売り圧力が弱まって株高になるため「サンタクロースラリー」とも呼ばれる。
01-06,向かう理は、高きを売りて安きを買う。米商いの大秘密と知れ。,三猿金泉秘録,
01-07,リスクは排除することはできず、移転・拡散されるだけだ(Risk cannot be eliminated; it just gets transferred and spread.),ウォール街の名言,
01-08,どのトレードにおいても、総資産の1％以上のリスクを取るな,ラリー・ハイト,資産を守るには、リスク管理が不可欠であり、1回の取引に対して資産の1％以上の損失を許容しないことが基本である。特に初心者にとって重要な投資の原則として、常に心がけるべき教訓である。
01-09,"株式を 10 年間所有することを考えていない場合は、10 分でも所有することを考えないでください。(If you aren’t thinking about owning a stock for ten years, don’t even think about owning it for ten minutes.)",ウォール街の名言,
01-10,漁師は潮を見る,日本の相場格言,
01-11,強気相場は不安の壁を登る。弱気相場は希望の川を下る。(Bull markets climb a wall of worry; bear markets slide down a river of hope.),ウォール街の名言,
01-12,金融市場を支配しているのは数学ではない。市場を支配しているのは人間の心理だ。,ジョージ・ソロス,
01-13,辰巳天井、午尻下がり、未は辛抱、申酉騒ぎ、戌笑い、亥固まる、子は繁盛、丑つまずき、寅千里を走り、卯跳ねる,出典不明,各干支の年ごとの相場傾向をまとめた格言である。特定の年に値動きが荒くなる、または堅調になるなどの特徴があるとされている。ただし実際にその通りに推移する保証はないため、参考程度に留めておくべきである。
01-14,"重要なのは、あなたが正しいか間違っているかではなく、あなたが正しいときにどれだけのお金を稼ぎ、あなたが間違っているときにどれだけ失うかです。(It’s not whether you’re right or wrong that’s important, but how much money you make when you’re right and how much you lose when you’re wrong.)",ウォール街の名言,
01-15,損切りはすばやく,日本の相場格言,
01-16,"お金は、自分が良い人の手にあることを認識すると、その人の手にとどまり、数を増やしたいと思うようになります。(When money realizes that it is in good hands, it wants to stay and multiply in those hands.)",ウォール街の名言,
01-17,突発事件は売るな,日本の相場格言,
01-18,"投資は、ペンキが乾くのを見たり、草が生えるのを見たりするようなものであるべきです。興奮したいなら、800 ドル持ってラスベガスに行きましょう。 (Investing should be more like watching paint dry or watching grass grow. If you want excitement, take $800 and go to Las Vegas.)",ウォール街の名言,
01-19,日本には大きな長期的問題があり、基本的には日本人の不足が問題だ,ポール・クルーグマン,ノーベル経済学賞を受賞した米国の経済学者。コラムなどでの積極的な発言でも知られる。アベノミクスについては消費増税以外を高く評価しているが、日本の少子高齢化・人口減少による長期的な見通しについては悲観的な見方をしている。
01-20,"株式市場の面白い点の 1 つは、ある人が買うたびに別の人が売るということであり、両者は自分が抜け目ないと思っていることです。 (One of the funny things about the stock market is that every time one person buys, another sells, and both think they are astute.)",ウォール街の名言,
01-21,万人があきれはてたる値が出れば、それが高下の界なりけり。,三猿金泉秘録,
01-22,物事はすべて確率論として見るべきで、絶対に正しいということはあり得ない,ロバート・ルービン,天才的なトレーダーとして知られ、ゴールドマン・サックス経営トップを経て米国財務長官、シティグループ経営執行委員会会長を歴任した。トレーディングと金融政策の両方を極めた人物であり、“すべて確率で考える”という合理主義・現実主義の考え方は、常人が模倣するには難しいものの、心構えとして紙に書いて貼る価値がある。
01-23,ウォール街や証券会社のセールスマンに今の推奨銘柄は何でしょうか？と聞くことは、床屋に行って今日は散髪したほうがいいかなと聞くようなものだ,ウォーレン・バフェット,オマハの賢人として知られる投資家・経営者。床屋＝金融機関のセールスという喩えが秀逸で、投資助言を鵜呑みにすることへの警鐘を鳴らしている。
01-24,"知っている人は言わず、言う人は知らない。(Those who know don’t tell, and those who tell don’t know.)",ウォール街の名言,
01-25,けなり売り（他をうらやんで売ること）、けなり買い、腹立ち売り、腹立ち買い、天井を売らず、底を買わず。右六ケ条、別して第一の事に侯。,八木虎之巻,
01-26,後悔に二つあり。今五六日待つときは十分取るべき利を、勝ちを急ぎ二三分取り逃がし侯後悔、これは笑うてしまう後悔なり。また七八分利運のとき仕舞いかね候うち、引き下げ損出ずる後悔、これは苦労いたし候うえの後悔ゆえ、甚だ心気を痛むる後悔なり。,宗久翁秘録,
01-27,相場の器用貧乏,日本の相場格言,小手先の対応では大きな成果は出せない。相場ではどっしりと構える姿勢が重要という教訓。
01-28,預貯金投資で大金持ちになった大富豪を何人知っていますか？私はそう思います。(How many millionaires do you know who have become wealthy by investing in savings accounts? I rest my case.),ウォール街の名言,
01-29,相場に過去はない,日本の相場格言,
01-30,私が知るかぎりで、こんな簡単にこれほどの報酬を得られる分野はほかにはない。,フィリップ・フィッシャー,長期投資の効率性と可能性の高さを端的に表現した格言である。負荷の少ない長期保有がもたらす報酬の魅力を説いている。
01-31,必ずしも市場にいる必要はない,日本の相場格言,
02-01,資産形成とは、お金との対話である,竹川美奈子,
02-02,2日新甫は荒れる,アノマリー,その月最初の取引日を「新甫」といい、たとえば1日が休日の場合、最初の取引日は2日になる。このとき相場は大きく変動しやすい傾向にあるため「2日新甫は荒れる」というアノマリーが生まれた。
02-03,節分天井、彼岸底,アノマリー,2月上旬の節分頃に株価が天井をつけ、3月中旬の春彼岸に向けて下落するという株式相場の季節的な傾向を表す言葉。お彼岸は春分・秋分の日を中心にした前後3日間の計7日間を指し、3月は企業決算などのイベントが多く、調整局面に入りやすい。
02-04,売り買いは腹八分,日本の相場格言,最高値・最安値を狙いすぎず、自分の判断でほどよいところで売買すべきという戒め。また投資には余裕資金を用いるべきという意味も。
02-05,最高の投資は、実行しない投資である場合がある。(Sometimes your best investments are the ones you don't make.),ウォール街の名言,
02-06,バラを切るごとく売るべし,日本の相場格言,
02-07,株式市場は常に、最も多くの人々が愚かに見えるようなことをする。(The stock market will always do whatever makes the greatest number of people look foolish.),ウォール街の名言,
02-08,美人投票,日本の相場格言,
02-09,投資には時間と忍耐が必要だ。短期的な成果にとらわれてはならない,澤上篤人,
02-10,ぬれ手にアワはつかめない,日本の相場格言,
02-11,投資の第一のルールは「失うな」。 2 つ目のルールは、最初のルールを忘れないこと、だ。(The first rule of investment is: Don’t Lose. And the second rule of investment is: Don’t forget the first rule.),ウォール街の名言,
02-12,明日は明日の風が吹く,日本の相場格言,
02-13,個人投資家は、投機家としてではなく、一貫して投資家として行動する必要がある。(The individual investor should act consistently as an investor and not as a speculator.),ウォール街の名言,
02-14,売り買いは三日待て,日本の相場格言,
02-15,十人が十人片寄るときは決して（必ず）その裏くるものなり。,宗久翁秘録,
02-16,干し草の山から針を探すな。干し草の山を買うだけ！ (Don’t look for the needle in the haystack. Just buy the haystack!),ウォール街の名言,
02-17,並の会社をバーゲン価格で買うよりも素晴らしい会社を適切な価格で買う方が断然良い。,ウォーレン・バフェット,
02-18,"投資家は歴史に基づくモデルには懐疑的であるべきです。ベータ、ガンマ、シグマなどの難解な用語を使って、オタクっぽい聖職者によって構築されたこれらのモデルは、印象的に見える傾向があります。しかし、多くの場合、投資家はモデルの背後にある仮定を検証することを忘れている。数式を掲げるオタクに気をつけよう。(Investors should be skeptical of history-based models. Constructed by a nerdy-sounding priesthood using esoteric terms such as beta, gamma, sigma and the like, these models tend to look impressive. Too often, though, investors forget to examine the assumptions behind the models. Beware of geeks bearing formulas.)",ウォール街の名言,
02-19,相場は明日もある,出典不明,投資のチャンスを逃したり、焦って失敗した場合でも、相場は明日もあるので冷静になろうという意味の格言である。よい銘柄であれば、多少タイミングが遅れても影響は少ない。焦らず、確信を持って売買に臨むことが大切である。
02-20,破壊的イノベーションの初期段階では、多くの人がその可能性を過小評価する,キャシー・ウッド,
02-21,"安く買って高く売る。(Buy low, sell high.)",ウォール街の名言,
02-22,人が売るときに買い、人が買うときには売れ（Buy when others sell; Sell when others buy.）,ウォール街,
02-23,すぐれた投資家はリターンを生み出す能力と少なくとも同じぐらい、リスクをコントロールする能力を持っている。,ハワード・マークス,リターンだけでなく、リスク管理の重要性を強調している。リスクへの警戒を怠らず、バランスのとれた視点が必要だと説いている。
02-24,株を選ぶ前に時を選べ,ウォール街,
02-25,いつとても売り落城の強峠、こわいところを売るが極意ぞ。,三猿金泉秘録,
02-26,世界経済の発展は、国際社会の発展と一致するものではない。,ジョージ・ソロス,
02-27,アタマとシッポはくれてやれ,日本の相場格言,
02-28,大統領サイクル,アノマリー,米国大統領選挙のサイクルと株価のあいだにも相互関係がある、と考えるアノマリーのこと。「4年周期の選挙にともなって支持率を意識した政策が出される」「大統領選挙の年に向かって株価は上昇する傾向にある」などが要因といわれている。
02-29,小回り三月 大回り三年,アノマリー,
03-01,将来の生産性ではなく将来の価格変動を当てにしているとしたら、それは投機というものだ,ウォーレン・バフェット,
03-02,お金で幸せは買えないが、より楽しい形の不幸は手に入る。(Money can't buy you happiness but it does bring you a more pleasant form of misery.),ウォール街の名言,
03-03,見切り千両,日本の相場格言,購入した株がジリジリと値下がりする状況で、戻りを期待して持ち続けても保証はない。戻るとしても長い時間がかかることもあり、その間ずっとストレスを抱えるくらいなら、タイミングを見て思い切って売り、捲土重来を期すべきだと教える格言である。実行は難しいが重要な心構えである。
03-04,株式仲買人とは、あらゆるものの価格と無の価値を知っている人です。 (A stockbroker is a guy who knows the price of everything and the value of nothing.),ウォール街の名言,
03-05,大保合いは大相場,日本の相場格言,
03-06,"世界の広範な金融危機に共通するテーマが 1 つあるとすれば、それは、政府、銀行、企業、または消費者のいずれによるものであれ、過剰な債務の蓄積が好況期に思われるよりも大きなシステミック リスクをもたらすことが多いということです。(If there is one common theme to the vast range of the world’s financial crises, it is that excessive debt accumulation, whether by the government, banks, corporations, or consumers, often poses greater systemic risks than it seems during a boom.)",ウォール街の名言,
03-07,投資の本質は将来を予測すること。,ジョージ・ソロス,
03-08,投資で大切なのは、企業の価値を正しく見極めること。それができれば、時間が味方になる,竹田和平,
03-09,押目待ちの押目なし,日本の相場格言,買い場を待っているうちに株価が上がり、買う機会を失うことがあるという戒め。逆の格言に『戻り待ちの戻りなし』もある。
03-10,百貫の力量あるものが、常に百貫の全力を一杯に用いることは誤りである。よろしく七十貫の力を常に用いて、余りの三十貫は貯蓄しておくべきである。こうすれば、一朝事があった場合には、百二十貫の力を出すことも出来よう,高橋是清,第20代内閣総理大臣であり、その後は大蔵大臣として昭和金融恐慌を沈静化。世界恐慌後には金本位制停止と財政出動によってデフレからの脱却に成功した。この発言は「平時は全力を使わず、非常時のために余力を残しておくべきだ」という投資にも通じる教訓である。
03-11,"何百万人もの人が経済的自由を望みますが、それを優先させた人だけが何百万ものお金を手にすることができるのだ。(Millions wish for financial freedom, but only those that make it a priority have millions.)",ウォール街の名言,
03-12,価値が8300万ドルの授業を8000万ドルで買おうとしてはいけません。大きな余裕をみることが肝心なのです。余裕幅が少なければリスクは大きくなり、余裕幅が大きければリスクは少なくなるのです。,ウォーレン・バフェット,
03-13,"雄牛は儲け、熊は儲け、豚は屠殺される。(Bulls make money, bears make money, pigs (or hogs) get slaughtered.)",ウォール街の名言,
03-14,相場師は孤独を愛す,日本の相場格言,
03-15,"投資では、快適なものが利益をもたらすことはめったにありません。(In investing, what is comfortable is rarely profitable.)",ウォール街の名言,
03-16,「もう」はまだなり、「まだ」はもうなり,八木虎之巻、宗久翁秘録,「もうこれ以上は相場が上がらないだろう」と思っていたのに、まだ天井ではなく上がり続けたり、「まだ相場は下がらないだろう」と思っていたら、どんどん下がってしまうことはよくある話である。2018年の日経平均では1月に高値をつけた後、軟調な相場が続き、10月に27年ぶりの高値を更新したものの、その後は急落した。周囲が「まだ上がる」と思っているときに「もう上がり切った」と判断できれば、冷静な行動ができたかもしれない。このように、逆のパターンも考慮して柔軟な判断を行うことが重要である。
03-17,"たくさんのお金を持っているのはいいことですが、それを永遠に持ち続けたいとは思わないでしょう。私は物を買うほうが好きです。そうでなければ、老後のためにセックスを取っておくようなものです。(It’s nice to have a lot of money, but you know, you don’t want to keep it around forever. I prefer buying things. Otherwise, it’s a little like saving sex for your old age.)",ウォール街の名言,
03-18,私たちの現実理解がどこまで到達できるかという点に関して限界はない。私たちの社会は改善の余地が無限なのである。,ジョージ・ソロス,
03-19,買いやすい相場は安い,日本の相場格言,
03-20,節分天井彼岸底,出典不明,年初の上昇が節分（2月上旬）で天井を迎え、彼岸（3月下旬）に向けて下がっていくという季節の相場傾向を表す格言である。必ずしもその通りに動くわけではないが、季節やイベントによる需給変動を意識するきっかけとなる。
03-21,もし投資が面白くて、楽しいのならば、おそらくお金を作り出すことは出来ない。良い投資というのは退屈なものなのだよ。成功すれば、人は自分の考えに関心を示してくれるはず。,ジョージ・ソロス,
03-22,広範な分散投資は、投資家が何をやっているのか理解していない場合にのみ必要である。(Wide diversification is only required when investors do not understand what they are doing.),ウォール街の名言,
03-23,株式投資の極意は、良い銘柄を見つけて、良いタイミングで買い、良い銘柄である限りそれを持ち続けること。これに尽きる。,ウォーレン・バフェット,株式投資の成功法則をシンプルに表現した言葉である。実践は容易ではないが、基本に忠実であることの重要性を説いている。
03-24,天井を買わず、底を売らず。ただし第一の心得なり。上がるときも下がるときも天井底を知らざるゆえ、この上何程上がる下がるかと、上げ留まり（騰落に限度のあること）の考えもなく買い募り売り募るゆえ、つまり損するなり。上げ過ごすときはその後必ず下がると心得べし。下がるときは必ず上がると心得べし。そのとき欲を離れ思い入れを立つべし。,宗久翁秘録,
03-25,万人が万人ながら弱気なら、のぼるべき理をふくむ米なり。,三猿金泉秘録,
03-26,時代遅れになるような原則は、原則ではない。,ウォーレン・バフェット,
03-27,私たちが探すのは、指数関数的な成長カーブに乗っている企業だ,キャシー・ウッド,
03-28,株式市場の主な目的は、できるだけ多くの人を馬鹿にすることです。(The main purpose of the stock market is to make fools of as many men as possible.),ウォール街の名言,
03-29,行き過ぎもまた相場,日本の相場格言,株価はときに企業の実体以上に上がることも下がることもあるという教訓である。理屈では説明がつかない動きをするのが相場であり、猛スピードの車が急に止まれないように、株価にも行き過ぎがあることを知るべきである。
03-30,"自分が何を所有しているかを知り、なぜそれを所有しているかを知る。(Know what you own, and know why you own it.)",ウォール街の名言,
03-31,明日ありと思う心のあだ桜,日本の相場格言,
04-01,4月に日本株が買われやすい,アノマリー,新年度の配分が4月から5月にあり、また新年度で機関投資家からの買いが入るため、4月の日本株は買われやすいとされている。これは日本人投資家だけでなく外国人投資家も同様である。配当利回りが高く、外国人保有株比率の高い銘柄ほどこのアノマリーが当てはまりやすくなる。
04-02,私は 7 フィートのバーを飛び越えるつもりはありません。乗り越えられる片足のバーを探します。(I don’t look to jump over seven-foot bars; I look around for one-foot bars that I can step over.),ウォール街の名言,
04-03,閑散に売りなし,日本の相場格言,相場が動かない時に売ると損をする可能性がある。閑散期の売りには注意が必要という教え。
04-04,どうせ苦労するなら楽しむ方が得。,ウォーレン・バフェット,
04-05,楽観主義者は儲かるが、慎重な人が生き残る,ハワード・マークス,
04-06,事件会社の株は敬遠すべし,日本の相場格言,不祥事など事件を起こした企業への投資は避けるべき。事件が落ち着くまで待つか、投資対象にしないのが賢明。
04-07,"経済的な安らぎとは、物を手に入れることではありません。少ない収入で生活することを学び、お金を還元し、投資する資金を得ることです。これをしない限り、勝つことはできないのです。(Financial peace isn’t the acquisition of stuff. It’s learning to live on less than you make, so you can give money back and have money to invest. You can’t win until you do this.)",ウォール街の名言,
04-08,相場に王道なし,日本の相場格言,株式投資は日々の学習と努力、そして自己判断が求められる世界。誰かの意見に頼ってもうまくいかない。
04-09,疑わしいときは何もするな,ウォール街,
04-10,資産家は恐慌時に生まれる,日本の相場格言,相場全体が総悲観のときに勇気を出して買いに出られる人が本物の資産家になれるという教え。
04-11,天井三日　底百日,出典不明,相場が高値圏にとどまるのは短く、天井は3日程度で終わるのに対し、底に沈んだ相場は100日も続くことがあるという意味である。短期トレーダーにとっては、利益確定のチャンスは非常に短い。2018年には日経平均が1月に高値をつけた後、軟調な相場が長期間続き、この格言を裏付けるような展開となった。事前に利益確定ラインを決めておくことが重要である。
04-12,お金を稼ぐにはお金がかかる。(It takes money to make money.),ウォール街の名言,
04-13,売りは早かれ 買いは遅かれ,日本の相場格言,売りのチャンスは短く、買い場は多いという相場の性質から、売りは素早く、買いはじっくりと行うべきという教え。
04-14,十二支のアノマリー,アノマリー,干支（十二支）にまつわるアノマリーもある。最後の干支「亥（いのしし）年」には「亥（いのしし）固まる」という相場格言がある。これは株価急落や凍り付いて固まるという意味ではなく、最初の干支「子」に循環するためエネルギーを蓄えておくという意味である。株式相場では次の段階へ進む根固め期間と考えており、事実過去には小幅な値動きにとどまる年もあった。ただしリーマンショックの前年や原油価格高騰による世界株安などの影響を受けた年もあったため、実際の投資に有効と判断するのは難しいとする声もある。
04-15,現実的に金融市場を理解することは果てしない過程である。,ジョージ・ソロス,
04-16,幸運な１％として生まれた人間は、残りの９９％の人間のことを考える義務がある,ウォーレン・バフェット,
04-17,"ストックピッカーと占星術師を比較したいが、占星術師の悪口は言いたくない。(I’d compare stock pickers to astrologers, but I don’t want to bad mouth astrologers.)",ウォール街の名言,
04-18,金を持っていれば、ある程度、周りの環境を面白おかしく変えることができる。しかし、いくら金を持っていても、愛情や健康を買うことはできない。,ウォーレン・バフェット,
04-19,株価の里帰り,日本の相場格言,
04-20,胴元にとってよいことは、顧客にとってよいことではないことを投資家は理解すべきです。,ウォーレン・バフェット,
04-21,二番底は黙って買え,出典不明,相場が一度底を打って反発し、再度下落した際に一番底を割らずに反発する場面が「二番底」である。この二番底は、上昇トレンドへの転換点であることが多く、「黙って買え」とされる。ただし必ず上昇するとは限らず、三番底となる場合もあるため注意が必要である。それでも実際には二番底からの反転が多いため、覚えておくべき格言である。
04-22,成功への道は市場が間違っているときを知ることではなく、市場より良い判断をすることだ,ハワード・マークス,
04-23,まず投資し、そして後に調査しろ。,ジョージ・ソロス,
04-24,売り買い休みの三筋道,日本の相場格言,
04-25,お金は常に、それを使おうとする人のために働く準備ができている。(Money is always eager and ready to work for anyone who is ready to employ it.),ウォール街の名言,
04-26,株式投資の極意とは、いい銘柄を見つけて、いいタイミングで買い、いい会社である限りそれを持ち続けること。これに尽きます。,ウォーレン・バフェット,
04-27,市場は平均より賢くなることを報酬として与えるが、完璧であろうとすることを罰する,ハワード・マークス,
04-28,"銘柄は人が奨めるものではなく、自分で勉強して選ぶ
二年後の経済の変化を自分で予測し大局観を持つ
株価には妥当な水準がある。値上がり株の深追いは禁物
株価は最終的に業績で決まる。腕力相場は敬遠する
不測の事態などリスクはつきものと心得る",是川銀蔵,日本の相場師、投資家、事業家で「最後の相場師」と呼ばれた人物。戦前・戦中の活躍に加え、昭和50年代の仕手戦での成功でも知られている。この投資五箇条は、日本株だけでなく外国株への投資にも今なお有効である。
04-29,恐怖は、歴史的な証拠の重さよりも、はるかに緊急に人間の行動を煽る。 (Fear incites human action far more urgently than does the impressive weight of historical evidence.),ウォール街の名言,
04-30,心ゆるめば財布もゆるむ,日本の相場格言,
05-01,Sell in May（株は5月に売れ）,海外格言,5月には売却の動きが集中しやすいため、その前に利益確定をするべきという米国の相場格言である。欧米のバケーションシーズンに入り取引量が減ることを見越した行動が推奨されている。
05-02,三菱地所によるロックフェラー・センターの買収もあった。しかしこの時の日本は自らの限界を超えていた。,ジョージ・ソロス,
05-03,需給はすべての材料に優先する,日本の相場格言,株価はすべて需給によって決まる。好材料があっても買い手がいなければ株価は上がらないという教え。
05-04,万人の気弱きときは米上がるべきの理なり。諸人気強きときは米下がるべきの種なり。,三猿金泉秘録,
05-05,安物買いの銭失い,日本の相場格言,
05-06,ウォール街は、ロールスロイスに乗った人々が、地下鉄に乗る人からアドバイスを得る唯一の場所です。(Wall Street is the only place that people ride to in a Rolls Royce to get advice from those who take the subway.),ウォール街の名言,
05-07,三空叩き込み買いに向かえ,日本の相場格言,
05-08,時流に乗るのではなく、時流を読め,松下幸之助,
05-09,大相場には乗れ、常の相場には向かえ,日本の相場格言,大相場は右肩上がりなので積極的に参加すべきだが、通常の相場では高値掴みに注意して売りを意識すべき。
05-10,株式投資家は、他人が賛成したから正しいとか、反対したから間違っているとかではなく、自分の事実と分析が正しいから正しいのである。(The stock investor is neither right or wrong because others agreed or disagreed with him; he is right because his facts and analysis are right.),ウォール街の名言,
05-11,「市場は常に間違っている」というのは私の強い信念である。,ジョージ・ソロス,
05-12,今日や明日、来月に株価が上がろうが下がろうが、私にはどうでもいいのです。,ウォーレン・バフェット,短期的な株価の変動に一喜一憂せず、長期的視点で投資すべきというメッセージである。バンク・オブ・アメリカ株での実例がこの格言の裏付けとなっている。
05-13,サザエさん効果,アノマリー,毎週日曜日に放送されるテレビアニメ「サザエさん」にちなんだアノマリーである。サザエさんの視聴率平均がよい年は株価が下がり、悪い年は株価が上昇する傾向にあるためその名が付けられた。これには個人消費の影響があるといわれている。高視聴率＝景気が悪くて自宅にいるため消費の面で悪影響を与えている、と分析する声もある。
05-14,卵は一つのカゴに盛るな,出典不明,投資対象を分散させ、リスクを分散することの重要性を示した格言である。一つの銘柄や資産に集中すると、失敗した際にすべてを失うリスクがあるため、複数の銘柄に投資することで安全性が増す。
05-15,友なき方へ行くべし,日本の相場格言,
05-16,"賢者が最初に行うことは、愚か者が最後に行うことだ。(What the wise man does in the beginning, the fool does in the end.)",ウォール街の名言,
05-17,相場は生きもの,日本の相場格言,
05-18,"株式市場で20％の損失を想像するのが難しい人は、株をやらないほうがいい。(If you have trouble imagining a 20% loss in the stock market, you shouldn’t be in stocks.)",ウォール街の名言,
05-19,売るべし売るべからず,日本の相場格言,
05-20,"特に未来に関して、予測するのは難しい。(It’s difficult to make predictions, especially with regards to the future.)",ウォール街の名言,
05-21,独力で考えなかったら、投資では成功しない。,ウォーレン・バフェット,情報に流されず、自分自身で考え判断することの大切さを説く格言である。バフェットの失敗例も踏まえ、他者の意見だけに頼るべきではないという考えが込められている。
05-22,野も山も皆一面に弱気なら、阿呆になりて米を買うべし。,三猿金泉秘録,
05-23,多数派のまねをしない。,フィリップ・フィッシャー,群衆心理に流されることなく、自らの判断で投資対象を見極めるべきだという投資哲学を表している。市場の流行に左右されることの危険性を示している。
05-24,素晴らしい投資とは、リスクを理解し、それでも投資する勇気を持つことだ,ハワード・マークス,
05-25,弱気の理、世に現われ出ればみな弱気、何時にても買いの種まけ。,三猿金泉秘録,
05-26,仮に株式を購入した翌日に市場が閉鎖され、その5年間取引が行われない事態になっても、私はいっこうにかまいません。,ウォーレン・バフェット,
05-27,"投資家にとって最も重要な資質は、知性ではなく気質です。 (The most important quality for an investor is temperament, not intellect.)",ウォール街の名言,
05-28,株は買ってはならぬ、拾うものだ,竹田和平,
05-29,市場は常に繰り返す。なぜなら、それを動かす人間の本性が変わらないからだ,レイ・ダリオ,
05-30,長期投資は株価より企業力を買え,日本の相場格言,成長力のある会社に自分自身の余力資金を使い長期にわたって投資することが、株式投資の成功のカギであることを説く格言である。短期投資では毎日の株価の変動に惑わされがちだが、長期投資はそうした影響を受けにくく、安定配当や株式分割による持ち株の増加も見込める。対象企業選びは業界の将来性や企業の収益性、安定成長がポイントとなる。
05-31,遠くのものは避けよ,出典不明,よく知らない分野や企業の商品（＝遠いもの）には手を出すべきではないという意味の格言である。情報が乏しく判断材料に欠ける対象は、売買の判断を誤るリスクが高いため、避けるべきである。反対に、日常で利用しているサービスや商品に関連した企業（＝近いもの）であれば、情報収集がしやすく投資判断も行いやすいため、積極的に検討すべきである。
06-01,わが思うところまで利分引きつけ取るべしと思うとも、七八分にて仕舞うべし。,商家秘録,
06-02,将来を予測することはできない。しかし、リスクを管理することはできる,ハワード・マークス,
06-03,その会社の経営陣は本当に誠実か。,フィリップ・フィッシャー,銘柄選定において、数値では測れない経営陣の誠実さが重要であることを示す格言である。投資対象企業の健全性を見極める視点の重要性を説いている。
06-04,引かれ玉は投げよ,日本の相場格言,
06-05,世界で最も危険なのは、歯牙にもかけなかった非常に賢いトレーダーだ。(The most dangerous people in the world are very smart traders who have never gotten their teeth kicked in.),ウォール街の名言,
06-06,喜んで１０年間株を持ち続ける気持ちがないのなら、たった１０分間でも株を持とうなどと考えるべきですらない,ウォーレン・バフェット,
06-07,ウォール街の犯罪者を処罰しなかったことが、経済が病気にかかっている主な原因であると私は信じている。(I Believe The Failure To Punish Wall Street Criminals Is The Core Cause Of Our Sick Economy.),ウォール街の名言,
06-08,アメリカは地球上で最も強力な国だ。いかなる外敵もいかなるテロ組織も我々を倒すことはできない。だが、泥沼にはまれば我々自身で自滅させてしまうだろう。,ジョージ・ソロス,
06-09,自分の能力の範囲で投資しなさい。,ウォーレン・バフェット,自分が理解できるビジネスにのみ投資するというバフェットの投資哲学を表している。得意な分野に集中し、未知の分野を避けることでリスクを抑えるべきという考えである。
06-10,過去を覚えていない人は、過去のあやまちを繰り返す。(Those who do not remember the past are condemned to repeat it.),ウォール街の名言,
06-11,当たり屋にチョウチン,日本の相場格言,
06-12,"マジックショーで何が起こるか知っていますか？マジシャンが「ここを見て、ここを見て」と言うと、観客はそこだけを見、他の場所は見ません。そして、それはまさに今日の決算説明会で起こったことです。 (You know what happens at any magic show? When the magician says ‘look here, look here,’ the audience looks only there and nowhere else. And that’s exactly what happened at the earnings conference today.)",ウォール街の名言,
06-13,下手なナンピン怪我の元,日本の相場格言,ナンピンとは、購入した株が値下がりした際に買い増して投資の平均コストを下げ、次の上昇時に利食いやすくする戦術であるが、時期を誤ると投資資金が膨れ損失が拡大する。失敗を認めて潔く売り、次の作戦に移ることが大切だと教える格言である。
06-14,"歴史をよく理解することで、過去と現在をよりよく理解し、将来の明確なビジョンを持つことがでる。(With a good perspective on history, we can have a better understanding of the past and present, and thus a clear vision of the future.)",ウォール街の名言,
06-15,早耳の早耳だおれ,日本の相場格言,
06-16,損は落とせ、さらば利益は大ならん（Cut loss and let profit run.）,ウォール街,
06-17,三空踏み上げ売りに向かえ,日本の相場格言,
06-18,次に何が起こるか分かっていると思う人は愚か者である。天才作家ナシーム・タレブが「ブラック・スワン」と呼ぶものは、避けられないものだ。その中には、絶望的なほど不愉快なものもあるはずです。(People who think they know what is going to happen next are fools. Surprises — or what the brilliant author Nassim Taleb calls ‘Black Swans’ — are inevitable. Some are likely to be desperately unpleasant too.),ウォール街の名言,
06-19,三割高下に向かえ,日本の相場格言,3割上がれば利確、3割下がれば買いという基準を持ち、欲に惑わされず行動することが大切という格言。
06-20,あらゆる矛盾は一度極限まで行く。,ジョージ・ソロス,
06-21,名人になるより素人らしく,日本の相場格言,
06-22,株というものは高いときには最上に、安いときには最低に見えるものだ,ウォール街,
06-23,天井三日 底百日,日本の相場格言,なだらかな山の稜線を描くようにゆっくり上昇していき、突如急勾配となり、それを登りつめたとたん、急坂を一気に下り、再び上昇に転じるまで長い期間横ばいを続けるというのが相場の典型的なサイクルである。これを日数で表現したのがこの格言である。短期の売買を考えている人は、「勝負どきはわずかな期間だけ」と肝に銘じておく必要がある。
06-24,投資は力仕事ではない。人一倍、読み、考えなくてはいけない,ウォーレン・バフェット,
06-25,利食い急ぐな損急げ,日本の相場格言,
06-26,"何も投資しない場合、報酬はほとんど価値がありません。(If you invest nothing, the reward is worth little.)",ウォール街の名言,
06-27,マーケットは短期的には投票機だが、長期的には秤だ,村上世彰,
06-28,私が確かに人より優れている点は、私が間違いを認められるところです。それが私の成功の秘密なのです。,ジョージ・ソロス,
06-29,一生の計は、二十代にあり。一年の計は元旦にあり。一日の計は朝にあり,本多静六,
06-30,下がったときに買い、さらに下がったらさらに買う。そして待つ,竹田和平,
07-01,幸福というものは少しずつの進歩によって手に入るものであり、１回きりの成功によってでは決してない。小さな家から始まって、１つずつ部屋を建て増してゆく過程にこそ幸せがあるのであって、宮殿に住むことからではない。,ウォーレン・バフェット,
07-02,いつとても買い落城の弱峠、こわいところを買うが極意ぞ。,三猿金泉秘録,
07-03,長期的視点を持つことが、短期的な市場のノイズを乗り越える鍵だ,キャシー・ウッド,
07-04,相場のことは相場にきけ,日本の相場格言,
07-05,もし自分が間違っている可能性を真剣に考えないなら、あなたは自分自身を盲目にしている,レイ・ダリオ,
07-06,二度に買うべし 二度に売るべし,日本の相場格言,相場の結果は神のみぞ知るところである。まずは打診買いをして自分の判断の当否を確かめ、予想通りなら本格出動するのがよい。売りでも同様に、ある程度高値になったら一部を売ってみて、状況を見て残りを売る。買いでも売りでも打診を続け、確信を持てた段階で勝負に出ることが大切である。
07-07,"10%の確率で100倍の配当が得られるなら、毎回その賭けに乗るべきだ(Given a 10% chance of a 100 times payoff, you should take that bet every time.)",ウォール街の名言,
07-08,初押しは買い,日本の相場格言,人気銘柄でも一本調子で上がり続けることはなく、値下がり（押し）したときこそが買い場だと説く格言である。相場の上昇初期は買いの勢いが強いからである。反対に「初戻しは売り」と言い、下値から3割上げたときが売り時となる。同様の格言に「初押しは女房を質においても買え」がある。
07-09,私は、何が起きるか確信を持てたことなど一度もない。,ハワード・マークス,不確実性の高い時代においては、「断言する」意見よりも「不確かさを前提とした柔軟な判断」が必要であると示唆している。コロナ禍という背景のもとで語られた現実的な警句である。
07-10,天災は買い向かえ,日本の相場格言,
07-11,最も重要なのは、自分の能力の輪をどれだけ大きくするかではなく、その輪の境界をどこまで厳密に決められるかです。,ウォーレン・バフェット,
07-12,つかぬときはやめよ,日本の相場格言,
07-13,長々不手合い続き、内証に義理ある銀子入り用のとき、いつまでに何程利を得ざれば義理立たずと、日を限りて商いすること、大いに心得違いなるべし。,八木豹之巻,
07-14,"ウォール街が国を所有している。それはもはや人民の、人民による、人民のための政府ではなく、ウォール街の、ウォール街による、そしてウォール街のための政府である。(Wall Street owns the country. It is no longer a government of the people, by the people, and for the people, but a government of Wall Street, by Wall Street, and for Wall Street.)",ウォール街の名言,
07-15,名人は相場の恐さを知る,日本の相場格言,
07-16,株価の下落は、1月のコロラドに吹雪が吹き荒れるのと同じくらい頻繁に起こることである。株価の下落は慌てふためいて逃げ出した投資家が残して言った割安株を拾う絶好の機会である,ピーター・リンチ,長年にわたり優れた投資パフォーマンスを上げた米国の著名なファンドマネージャー。暴落は珍しいことではなく周期的にやってくるため、それを前提に備えることで、むしろチャンスとすることができるという教えである。
07-17,引かれ腰は弱く、利食い腰は強く。,八木龍之巻,
07-18,当たり屋につけ,日本の相場格言,相場の世界では、売買の周期が相場のサイクルとピッタリ符合し、いつも必ず利益を収める人のことを“当たり屋”と呼ぶ。自分であれこれ思い迷うより、いっそ当たり屋と同じ売買をした方が良いと考え、その売買に便乗することを「当たり屋につけ」と言う。これと正反対の格言に「曲がり屋（思惑のはずれた投資家）に向かえ」がある。これは曲がり屋が買えば売り、売れば買うという具合に反対の売買をすれば利益が得られるという理屈である。
07-19,やる価値のないことなら、うまくやる価値もない。,ウォーレン・バフェット,
07-20,夏枯れ相場,アノマリー,夏場に市場の取引参加者が減少し、相場の動きが鈍る現象。特に日本では8月のお盆時期に投資家が夏季休暇を取るため、金融市場の売買が減少し、値動きが小幅になる傾向がある。
07-21,割り高に売りなし、割り安に買いなし,日本の相場格言,
07-22,間違っていたらただちに撤退するのみだ,マイケル・プラット,判断が間違っていたと分かった時には、即座に損切りして被害を最小限に抑えるべきであるという意味である。損失を放置すると悪化し、後のチャンスを逃すことにもつながる。冷静に損失を受け入れることが成功の鍵となる。
07-23,もうはまだなり まだはもうなり,日本の相場格言,「もう底だ」と思えるときは「まだ下がるのではないか」と疑い、「まだ下がる」と思うときは「もう底かもしれない」と疑えという意味の格言である。相場の微妙な変化に対し、独善的な判断が危険であることを教える。投資家心理と相場のズレを言い表した名格言である。
07-24,不利運のとき、見切り大切のことなり。思い入れ違うときは早仕舞い、行付をみるべし。,宗久翁秘録,
07-25,大切なのは、何に投資するかではなく、いつ投資するかだ,藤野英人,
07-26,リスクをもたらすのは、自分の行動を理解していないことだ。,ウォーレン・バフェット,株式投資において最大のリスクは無知である。自分の行動を理解するには知識と経験が不可欠であり、実践を通じて身に付けていく必要があるという教訓である。
07-27,指値を取り消すな,日本の相場格言,
07-28,ドタバタは避けよ,ウォール街,
07-29,第一のルール：絶対に損をしないこと。第二のルール：第一のルールを決して忘れないこと。,ウォーレン・バフェット,儲けを優先してリスクヘッジを疎かにしがちな投資行動を戒めるための言葉である。投資における基本的な姿勢として示される。
07-30,馬鹿と相場には勝てぬ,日本の相場格言,
07-31,知っている人は、私やあなたに教えない。(Those in the know ain't telling me or you.),ウォール街の名言,
08-01,強気も弱気も株でもうけられるが、欲張りはダメ,ウォール街,
08-02,痛みから学べば、二度と同じ過ちを繰り返さないだろう。痛みは素晴らしい教師だ,レイ・ダリオ,
08-03,人々はしばしば、組み立てるのに苦労するデータを使うよりも、ほとんどあるいは全くないデータに基づいて行動することを望むことに驚かされる。(It amazes me how people are often more willing to act based on little or no data than to use data that is a challenge to assemble.),ウォール街の名言,
08-04,株を買うより時を買え,日本の相場格言,投資対象よりも投資の“時期”を選ぶことの方が大切。タイミング重視の投資判断を説いている。
08-05,株は高すぎて買えない、安すぎて売れないということはない。(Remember that stocks are never too high for you to begin buying or too low to begin selling.),ウォール街の名言,
08-06,朝顔の花ひとつ時,日本の相場格言,仕手株相場は相場が激しく動くことから、一見華々しく見えるが、その多くは朝顔の花のようにあっけなくしおれてしまうことが多い。仕手株の場合、仕手が入ったと一般投資家に分かった時点で、大抵仕手の本尊は売り逃げている。その挙句、暴落した株をつかまされて涙にくれるのは一般投資家である。そのような羽目にならないよう、仕手株からは一歩距離を置き、絶対に手を出さないようにすべきだという格言である。
08-07,"本当の富豪は占星術を使いませんが、億万長者は使います。(Millionaires don’t use Astrology, billionaires do.)",ウォール街の名言,
08-08,二度に買うべし　二度に売るべし,牛田権三郎,一度にすべてを売買するのではなく、まずは様子見の打診買いや打診売りを行い、状況を確認してから本格的に動くべきという意味の格言である。江戸時代の米相場でも説かれていた慎重さを現代にも応用するべきである。
08-09,投資をすることは、特定の目的を達成するために戦略的に資源を投入する行為である。(Investing money is the process of committing resources in a strategic way to accomplish a specific objective.),ウォール街の名言,
08-10,理外の理,日本の相場格言,
08-11,"投資で最も危険な言葉は、「今回は違います。」(The four most dangerous words in investing are, it’s different this time.)",ウォール街の名言,
08-12,買いにくい相場は高い,日本の相場格言,
08-13,天井を買わず 底を売らず,宗久翁秘録,
08-14,虫の好かぬ株は買うな,日本の相場格言,
08-15,他人が貪欲になっているときは恐る恐る。周りが怖がっているときは貪欲に,ウォーレン・バフェット,
08-16,わが思い入れをみだりに人に話すなかれ。他の了簡聞くことなかれ。,相庭高下伝,
08-17,"どれだけのお金を稼いだかではなく、どれだけのお金を維持し、どれだけ一生懸命働き、何世代にわたってそれを維持できるかだ。(It’s not how much money you make, but how much money you keep, how hard it works for you, and how many generations you keep it for.)",ウォール街の名言,
08-18,リスクの高いところには誰もいないと思うとき、実はそこが最もリスクが高い,レイ・ダリオ,
08-19,陰きわまれば陽転す,日本の相場格言,人気がなく売買が細った状態が続いたあとの相場は反転しやすいという意味。悲観の極みが買い場となることがあるという教訓。
08-20,時間というのは素晴らしいビジネスには友達であっても、月並みなビジネスにとっては敵。,ウォーレン・バフェット,
08-21,山高ければ谷深し,日本の相場格言,株価は暴騰したあとには暴落が待っているということを示す格言である。逆に「谷深ければ山高し」という格言もあり、下落が深ければ反発も大きくなる可能性があることを教えている。
08-22,最も逆張り的なことは、群衆に反対することではなく、自分で考えることです。(The most contrarian thing of all is not to oppose the crowd but to think for yourself.),ウォール街の名言,
08-23,月替わり効果,アノマリー,月の変わり目に株価が上昇しやすいアノマリーのこと。「機関投資家のリバランスが月末に行われる」「給料日が月の後半に多い」などが要因として考えられる。最終取引日から翌月はじめの3取引日（6日間あるいは月の前半とする意見も）に株式を保有すると、この効果が得られるといわれている。
08-24,あなたはウォール街にいるか、おかしな人かのどちらかで、その間には何もない。(You are either on Wall Street or you’re a bum and there’s nothing in between.),ウォール街の名言,
08-25,投資による十分な利回りを得るためには投資のエキスパートである必要はない。エキスパートでない場合は、自分の限界を認識して、道理にかなった収益を確実に拳げられるコースを選ばなければならない。,ウォーレン・バフェット,
08-26,投資家になるには、より良い明日を信じなければなりません。(To be an investor you must be a believer in a better tomorrow.),ウォール街の名言,
08-27,人の行く裏に道あり 花の山,出典不明（千利休の言葉という説あり）,他人と同じ行動をしていては儲けは得られないという逆張りの精神を表している。多数が売っているときに買い、買っているときに売るなど、逆の行動が利益につながる場合もある。ただし、やみくもに逆張りをするのではなく、チャートや企業の実力を見極める必要がある。
08-28,"富は、主に投資成績によって決まるのではなく、投資家の行動によって決まる。(Wealth isn’t primarily determined by investment performance, but by investor behavior.)",ウォール街の名言,
08-29,眠られぬ株は持つな,日本の相場格言,
08-30,他の人が貪欲であるとき、恐れてください。他の人が恐れているときは貪欲になろう。(Be fearful when others are greedy. Be greedy when others are fearful.),ウォール街の名言,
08-31,天井を売らず 底を買わず,八木虎之巻,
09-01,株は5月に売って、9月に買え,アノマリー,"英語では“Sell in May, and go away, don’t come back until St Leger day.”とされるイギリスの投資格言。セント・レジャー・デー（9月第2土曜日）までは市場から離れるべきという意味。アメリカでは1月から5月にかけて相場が上昇し、6月以降は夏季休暇の影響で売買が減少し下がる傾向がある。"
09-02,"株価がこれまでがどうであったかではなく、これからどうなるかが重要だ。(I don’t care where stocks have been, I care where they’re going.)",ウォール街の名言,
09-03,証券会社のレポートは読みません。理髪店へ行って『散髪した方がいいかな』と聞くようなものだからです。,ウォーレン・バフェット,金融機関の助言に安易に頼るのではなく、自らの判断で投資すべきであるという警告である。情報源は数あれど、最終判断は自己責任という姿勢を強調している。
09-04,勇気は、どんなに危機的状況に陥っても、健全な投資はいずれ報われることを教えてくれました。 (Courage taught me no matter how bad a crisis gets … any sound investment will eventually pay off.),ウォール街の名言,
09-05,落ちてくるナイフはつかむな,日本の相場格言,
09-06,自分への投資は最高の利益をもたらす。(An investment in knowledge pays the best interest.),ウォール街の名言,
09-07,ほとんどの人がグローバリゼーションが世界の未来を左右すると思っているが、実はテクノロジーの方がはるかに重要だ,ピーター・ティール,PayPalの共同創業者であり、Facebook、LinkedIn、SpaceXなどへの投資で成功したベンチャーキャピタリスト。著書『ZERO to ONE』の中で、グローバリゼーションでは解決できない問題をテクノロジーが解決するという考えを示している。現在の延長線上に未来はないという視点は、投資対象を選ぶ上でも重要である。
09-08,強気相場はセックスのようなものです。終わる直前が一番気持ちいい。(A bull market is like sex. It feels best just before it ends.),ウォール街の名言,
09-09,まずは生き残れ、儲けるのはそれからだ。,ジョージ・ソロス,
09-10,"悲観が最大のときが最良の買い時であり、楽観が最大の時が最良の売り時である。(The time of maximum pessimism is the best time to buy, and the time of maximum optimism is the best time to sell.)",ウォール街の名言,
09-11,ここにいるオレは、落ちるとこまで落ちた。でもこれも悪い気分じゃない。ここから行く方向は、たった一つしかないのだから。,ジョージ・ソロス,
09-12,私が早期に学んだもう 1 つの教訓は、ウォール街には新しいものは何もないということです。憶測は丘と同じくらい古いので、あり得ません。今日の株式市場で起こっていることは、以前にも起こったことであり、また起こるでしょう。(Another lesson I learned early is that there is nothing new in Wall Street. There can’t be because speculation is as old as the hills. Whatever happens in the stock market today has happened before and will happen again.),ウォール街の名言,
09-13,1ドルのものを40セントで買う哲学を学んだ。,ウォーレン・バフェット,
09-14,"弱気相場はひどい風邪のようなものです。あなたはそれらを嫌いますが、最終的には気分が良くなることを知っています。(Bear markets are like bad colds. You hate them, but you know eventually you'll feel better.)",ウォール街の名言,
09-15,曲がり屋に向かえ,日本の相場格言,
09-16,実際の修正よりも、修正を待ったり、修正を予想することで、多くの人がお金を失いました。(More people lost money waiting for corrections and anticipating corrections than the actual corrections.),ウォール街の名言,
09-17,優れた企業というのは、25年から30年にわたって優れた状態でいる企業のことである。,ウォーレン・バフェット,長期投資においては、継続して優位性を保つ企業を選ぶことが重要であるという考え方である。真に優れた企業とは模倣困難な仕組みや価値を持っていると述べている。
09-18,トレンドはあなたの味方だ。(The trend is your friend.),ウォール街の名言,
09-19,潮が引いたら誰が裸で泳いでいたかわかる。,ウォーレン・バフェット,相場が良いときは誰もが儲けているように見えるが、相場が悪化したときにこそ本当の運用能力が明らかになることを示す格言である。知識やリスク管理を怠った運用は、いずれ露呈するという警鐘でもある。
09-20,"投機とは、わずかなお金を大きなお金に変えるための努力であり、おそらくは失敗する。投資とは、大金が少しにならないようにするための努力であり、成功するはずのものである。(Speculation is an effort, probably unsuccessful, to turn a little money into a lot. Investment is an effort, which should be successful, to prevent a lot of money from becoming a little.)",ウォール街の名言,
09-21,売るべし 買うべし 休むべし,出典不明,取引の連続ではなく、売買後には一旦休んで市場の状況を見直すべきという格言である。冷静な判断を保つためには、無理な売買を避け、時にはポジションを持たずに観察する「休む」ことも戦略の一つとして重要である。
09-22,買い時は、通りに血が流れているときだ。(The time to buy is when there’s blood in the streets.),ウォール街の名言,
09-23,何の道にも、進むと退くとが肝要なるべし。,売買出世車,
09-24,"知恵というものは、事実や現実ではなく、それを主張する人間やその主張の仕方と結びついた抽象的なものであることが多い。 (Wisdom, itself, is often an abstraction associated not with fact or reality but with the man who asserts it and the manner of its assertion.)",ウォール街の名言,
09-25,保合い放れにつけ,日本の相場格言,
09-26,"自由市場と自由選挙によって支配される社会では、組織化された強欲が無秩序な民主主義に打ち勝つ。 (In a society governed passively by free markets and free elections, organized greed always defeats disorganized democracy.)",ウォール街の名言,
09-27,うまく行っていない時、最初にすべきことは投資額を減らすことだ。損失を取り返そうとしてはならない。投資を再開する時は、小額ではじめるのだ。,ジョージ・ソロス,
09-28,"潮が引くと、裸で泳いでいる人が見える。(When the tide goes out, you see who’s swimming naked.)",ウォール街の名言,
09-29,大事なのは、自分が好きなことを飛びきり上手にやること。お金は副産物にすぎない,ウォーレン・バフェット,
09-30,"株の市場であって、株式市場ではない。(It’s a market of stocks, not a stock market.)",ウォール街の名言,
10-01,私は株を買う理由を1ページ書き続けられないなら買わない。間違っているかもしれないが、私はいつも理由を把握している。,ウォーレン・バフェット,
10-02,"市場は短期的には投票ですが、長期的には計量だ。(In the short run, the market is a voting machine but in the long run, it is a weighing machine.)",ウォール街の名言,
10-03,命金には手をつけるな,日本の相場格言,
10-04,お金を節約する唯一の理由は、それを投資することだ。(The only reason to save money is to invest it.),ウォール街の名言,
10-05,人の商い、うらやむべからず,相場三昧伝（本間宗久）,他人の投資成績をうらやましがっても自分の成績が良くなるわけではないという教訓である。SNSなどで他人の成功体験を見る機会が増えた現代においても、無理に真似したり焦ったりすることなく、自分のスタイルを確立することが重要である。
10-06,ゲームに勝つのは、競技場に集中するプレーヤーであり、スコアボードに釘付けになっているプレーヤーではありません。 (Games are won by players who focus on the playing field –- not by those whose eyes are glued to the scoreboard.),ウォール街の名言,
10-07,株式市場バブルは何もないところからは生まれない。現実にはしっかりとした基盤があっても、現実が誤解により歪められてしまう。,ジョージ・ソロス,
10-08,買うのは企業、株ではない,ウォーレン・バフェット,
10-09,人の行く裏に道あり花の山,日本の相場格言,
10-10,"私は、オプション取引で 2 人の子供をハーバード大学に通わせました。残念ながら、彼らは私のブローカーの子供でした。(I put two children through Harvard by trading options. Unfortunately, they were my broker’s children.)",ウォール街の名言,
10-11,株を買うなら、どんな愚か者にも経営を任せられる優れた会社の株を買いたいと思うでしょう。なぜなら、いつかは愚かな経営者が現れるからです。,ウォーレン・バフェット,
10-12,"ウォール街の金利はともかく、5パーセントの金利でさえ払っている国は、時折、破綻をきたすに違いない。(A country which pays even five per cent. interest, to say nothing of the rates of Wall Street, must from time to time commit bankruptcy.)",ウォール街の名言,
10-13,仕掛けたる米にて損を惜しみ、無理にひいきを付け、辛抱するほど大損するものなり。毎度あることなり。必ず見切るべし。過ちは改むるに憚ることなかれ。,八木虎之巻,
10-14,ウォール街で金持ちになる秘訣を教えよう。他の人が恐れているときに、あなたは貪欲であろうとする。そして、他の人が貪欲であるときに、あなたは恐れを抱こうとする。(I will tell you the secret to getting rich on Wall Street. You try to be greedy when others are fearful. And you try to be fearful when others are greedy.),ウォール街の名言,
10-15,経済学とは非常に洗練された分野で、過去にとった行動がいかに間違えていたかを説明するのに秀でている。将来については、それほどでもない,ベン・バーナンキ,2006年から2014年までFRB議長を務めた米国の経済学者。「デフレ克服のためにはヘリコプターからお札をばら撒けばよい」という発言から「ヘリコプター・ベン」とも呼ばれた。1930年代の大恐慌や1990年代の日本のデフレ研究でも知られ、2008年の世界金融危機発生時には量的緩和政策を導入し、米国経済だけでなく世界を恐慌の縁から救った。そんな経済学のプロ中のプロでも、「経済学はこの程度のもの」という認識を持っていた点は興味深い。
10-16,"ブローカーは、その株が「動く態勢にある」と言った。バカだなぁ、上がるって意味だと思ってた。(The broker said the stock was “poised to move.” Silly me, I thought he meant up.)",ウォール街の名言,
10-17,我々が歴史から学ぶべきなのは、人々が歴史から学ばないという事実だ,ウォーレン・バフェット,古代ローマのユリウス・カエサルやプロイセンの鉄血宰相ビスマルクなども同様のことを述べている。時代を読み、投資判断に活かす姿勢を持つことの重要性を示している。
10-18,ネズミ捕りの中には必ず無料のチーズがある。(There is always free cheese in a mousetrap.),ウォール街の名言,
10-19,買い付け前に両眼を閉じて、いま正に投資しようとしている企業の十年後の姿をじっと思い抜く。,ウォーレン・バフェット,
10-20,良い投資とは退屈なものだよ。,ジョージ・ソロス,
10-21,米だんだん下げ、人気も揃い弱く、何程下がるも知れがたく、わが考えも弱かるべしと思う節、心を転じ買い入れるべきなり。この思い切り、海中に飛び入る心持ち甚だ成しにくきものなれど、その節疑いの気を生ぜず買うべし。きわめて利運なり。下げと見込むとき、思い入れの通り下がるものなれば心易きものなれど、人気下がると片寄るときは、かえって上がるものゆえ考えに及ばざるなり。上げも同断。すなわち海中に飛び込む心持ち、極意なり。,宗久翁秘録,
10-22,目先観で相場を張るな,日本の相場格言,
10-23,分散しすぎない。,フィリップ・フィッシャー,分散投資は安心のように見えて、魅力のない銘柄まで保有してしまうリスクを伴う。銘柄を厳選して集中投資するという視点の重要性を説いた格言である。
10-24,カミソリと鉈（なた）,日本の相場格言,
10-25,"ウォール街は株や債券を売っているが、実際に売っているのは希望だ。 (Wall Street sells stocks and bonds, but what it really peddles is hope.)",ウォール街の名言,
10-26,迷いが出たら売れ,日本の相場格言,
10-27,"不況になり、株式市場が下落する。それが起こることを理解していない場合、準備ができていないため、市場でうまくいくことはありません。(You get recessions, you have stock market declines. If you don’t understand that’s going to happen, then you’re not ready, you won’t do well in the markets.)",ウォール街の名言,
10-28,買い二分に売り八分,日本の相場格言,
10-29,"人生は株式市場と非常によく似ています。不安定ですが、十分に長く続ければ、長期的にはかなりのリターンが得られる可能性があります。(Life has immense analogy with the stock market. It is volatile, but if you stick on long enough, it has the potential to reward you with handsome returns in the long run.)",ウォール街の名言,
10-30,株券ではなく事業を買う。,ウォーレン・バフェット,
10-31,ハロウィーン効果,アノマリー,米国にある「10月に買って4月に売れ」というアノマリーのことである。毎年10月のハロウィーンシーズンがファンドの決算期にあたり、多くの機関投資家が株を売却するためである。このハロウィーンシーズンに買いを仕込み「Sell in May（株は5月に売れ）」で売る流れが効率的といわれている。
11-01,麦わら帽子は冬に買え,アノマリー,麦わら帽子が不要な冬に買えば安く手に入ることから、株も人が注目する前の割安な状態で買うべきという教訓を示す格言。
11-02,"自由は富を生み、富は自由を破壊する。(Liberty produces wealth, and wealth destroys liberty.)",ウォール街の名言,
11-03,現実は、金融市場が自己不安定化している。時には、市場はバランスをとるのではなく不均衡化に向かう傾向がある。,ジョージ・ソロス,
11-04,無駄を省き、余剰を投資に回せば、やがて大きな実りとなる,本多静六,
11-05,金持ちになるためには２つのルールを守りなさい。ルール１：絶対にお金を損しないこと。ルール２：絶対にルール１を忘れないこと,ウォーレン・バフェット,
11-06,魔の水曜日,アノマリー,SQ値（先物取引やオプション取引で、決済最終日まで反対売買がなかった際の清算に適用される指数）の算出がある水曜日は、相場が軟調になりやすいというアノマリーのこと。魔の水曜日には相場が一方通行になりやすいため注意が必要となる。
11-07,"愛は株のようなものです。すぐに損失を被りたくない場合は、多様化した方がよいでしょう。(Love is like stocks, if you don't want to suffer loss quickly, you better diversify!)",ウォール街の名言,
11-08,株価はもとの古巣に帰る,アノマリー,
11-09,安全域を持つ。,ウォーレン・バフェット,
11-10,投資の世界では、4年後の安値で終わるのではなく、10年後、15年後の安値で終わります。(Bottoms in the investment world don’t end with four-year lows; they end with 10- or 15-year lows.),ウォール街の名言,
11-11,売りにくい相場は安い、売りやすい相場は高い,日本の相場格言,
11-12,"弱気相場では、株は正当な所有者に戻ります。(In bear markets, stocks return to their rightful owners.)",ウォール街の名言,
11-13,備えあれば迷いなし,日本の相場格言,
11-14,皆われ一心の妄想に引き回されて、思わぬ損をすることなり。（中略）見切ってしまうべきところを引きしろいて大損などするごとくなれり。,売買出世車,
11-15,休むも相場,日本の相場格言,
11-16,堅実に資産を増やすには、収入の一割は必ず貯蓄に回すべし,本多静六,
11-17,卓抜したビジネスについては、その株価にかかわらず一切売るつもりがない。,ウォーレン・バフェット,
11-18,投資家の最大の問題、そして最悪の敵でさえも、自分自身にある可能性が高い。(The investor’s chief problem — and even his worst enemy — is likely to be himself.),ウォール街の名言,
11-19,万人が万人ながら強気なら、たわけになりて米を売るべし。,三猿金泉秘録,
11-20,米弱みにみえ、しきりに売り気進み立ち候節、気転じ買い方につくべし。きわめて利運なり。ぜひ上ぐべしと買い気進み立ち候節、これまた気を転じ売るべし。,宗久翁秘録,
11-21,頭と尻尾はくれてやれ,出典不明,相場の天井と底値は他人に譲るという意味である。最安値で買って最高値で売ることは現実的ではないため、多少上がってから買い、多少下がってから売ればよいという教えである。強欲に最初から最後までを狙うと、タイミングを逃しやすくなるため、冷静な判断が求められる。
11-22,両建て両損,日本の相場格言,
11-23,"最終的に、他のすべてに取って代わる投資が 1 つあります。それは、自分自身に投資することです。 (Ultimately, there’s one investment that supersedes all others: Invest in yourself.)",ウォール街の名言,
11-24,万人が心に迷う米なれば、つれなき道へおもむくがよし。,三猿金泉秘録,
11-25,"CDO は事実上、アメリカ中産階級の居住者のためのクレジット ロンダリング サービスでした。ウォール街にとって、それは鉛を金に変える機械でした。 (The CDO was, in effect, a credit laundering service for the residents of Lower Middle Class America. For Wall Street it was a machine that turned lead into gold.)",ウォール街の名言,
11-26,マーケットは常に不確定で流動的な状態にあり、金は、誰にも明らかなことは割り引いて予想外なことに賭けることによって作られるのさ。,ジョージ・ソロス,
11-27,長期的に投資に成功するための道は、やみくもにリスクをとることではなく、リスクをコントロールすることにある。,ハワード・マークス,オークツリー・キャピタルの基本理念に「リスクコントロール」があるように、マークスはリスク管理を投資成功の鍵と考えている。リスクについての洞察が豊富な彼の中でも代表的な格言である。
11-28,"貧しい人に2,000ドル渡せば、生活必需品を買うために即座に経済に循環する。大企業に2,000ドル渡せば、海外に保管して、もうお金がないと言って、もう2,000ドル要求する。 (Give a poor person $2,000, and it's instantly recirculated into the economy when they need to buy necessities. Give a large company $2,000, and they'll store it offshore, say they have no more money, and ask for another $2,000.)",ウォール街の名言,
11-29,千人が千人ながら強気なら、くだるべき理をふくむ米なり。,三猿金泉秘録,
11-30,賢い投資家は、楽観主義者に売り、悲観主義者から買う現実主義者です。 (The intelligent investor is a realist who sells to optimists and buys from pessimists.),ウォール街の名言,
12-01,年末ラリー,アノマリー,文字どおり年末にかけて株価が上昇するというアノマリーのこと。年末、クリスマス休暇を取る市場参加者が増えてくると、売り圧力が弱まって株高になるため「サンタクロースラリー」とも呼ばれる。
12-02,高リスクは主として高い価格とともに訪れる。,ハワード・マークス,相場や銘柄が高値圏にあるときこそリスクは高まるという投資の基本を端的に表現した格言である。常に価格の水準に注目する必要があるという教えである。
12-03,多様化は唯一の『タダ飯』だ。ほとんどの人はそれを十分に活用していない,レイ・ダリオ,
12-04,偽ダイヤを持つよりも世界最大のブルーダイヤであるホープダイヤモンドの一部を所有する方がはるかに理想的である。,ウォーレン・バフェット,
12-05,"株式市場は決して明白ではありません。ほとんどの場合、ほとんどの人をだますように設計されています。(The stock market is never obvious. It is designed to fool most of the people, most of the time.)",ウォール街の名言,
12-06,勝ちに誇り、百両の利は二百両取る気になり、千両二千両の気移り、欲に迷うて見切りかね、損出ずるなり。,宗久翁秘録,
12-07,歴史は必ずしも繰り返されるわけではないが、そこに現れるパターン等にはある種の類似点を見つけることができる。,ジョージ・ソロス,
12-08,時のいたるに、小みちにのみ心がくれば大功をとげがたし。時のいたらざるに、大だくみにかかれば仕損じること多し。,売買出世車,
12-09,"機会はめったに訪れません。金の雨が降ったら、指ぬきではなくバケツを出してください。 (Opportunities come infrequently. When it rains gold, put out the bucket, not the thimble.)",ウォール街の名言,
12-10,ジブリの法則,アノマリー,日本テレビの「金曜ロードショー」でジブリ作品が放送されると、週明け相場が荒れるというアノマリーである。これはアメリカの雇用統計とジブリの放送日が重なる場合も多いため、と考えられている。
12-11,"優れた経営陣による優れた事業の一部を所有している場合、私たちの好きな保有期間は永遠です。(In fact, when we own portions of outstanding businesses with outstanding managements, our favorite holding period is forever.)",ウォール街の名言,
12-12,イノベーションの価値は、問題解決の規模によって決まる,キャシー・ウッド,
12-13,"億万長者になりたいなら、10 億ドルから始めて、新しい航空会社を立ち上げましょう。(If you want to be a millionaire, start with a billion dollars and launch a new airline.)",ウォール街の名言,
12-14,世界的な危機は、世界金融システムそのものに内在する病理によって引き起こされる。,ジョージ・ソロス,
12-15,価格はあなたが支払うものだ。価値はあなたが得るものだ。(Price is what you pay. Value is what you get.),ウォール街の名言,
12-16,ビジネスマンになる前は、私も人間だったんだ。,ジョージ・ソロス,
12-17,筋の耳うちは信用するな,日本の相場格言,
12-18,投資とは、未来の可能性に賭けること。過去の実績だけを見ていては、本当の機会を逃す,村上世彰,
12-19,画餅は食えないものだ,日本の相場格言,
12-20,企業価値の向上に寄与しない株主は、株主としての資格がない,村上世彰,
12-21,しかし、投資とは、ゲームで他人を打ち負かすことではありません。自分のゲームで自分をコントロールすることです。(But investing isn’t about beating others at their game. It’s about controlling yourself at your own game.),ウォール街の名言,
12-22,新値にはだまってつけ,日本の相場格言,
12-23,安易な金儲けをやめて、自分の人生で何かを生み出してくだせ。他人の売買で生計を立てるのではなく、創造しろ。(Stop going for the easy buck and produce something with your life. Create instead of living off the buying and selling of others.),ウォール街の名言,
12-24,値上がり株より商いの出来る株を買え,日本の相場格言,
12-25,"巨大な格付け機関が、3 つの競争力のある酒場が並んでいて、それぞれが自由に飲酒年齢を設定できると想像してみてください。やがて、9 歳児はバーボンを飲むようになるだろう。 (Imagine the big rating agencies as three competitive saloons standing side by side, with each free to set its own drinking age. Before long, nine-year-olds would be downing bourbon.)",ウォール街の名言,
12-26,逆日歩に売りなし、逆日歩に買いなし,日本の相場格言,
12-27,世界中の多くの「悪」は、実際には意図的なものではない。金融システムの多くの人は、意図せず大きな損害を与えたのだ。,ジョージ・ソロス,
12-28,掉尾の一振,アノマリー,
12-29,少額でいいですから、投資をしてください。本を読むだけではダメです。,ウォーレン・バフェット,バフェットが11歳から株式投資を始めたエピソードに基づいた格言である。実践を通じて学び、成功法則を築いた経験から「実践なき成功はない」という考えがにじみ出ている。
12-30,最高の投資機会は、一般的な合意に反するところにある,キャシー・ウッド,
12-31,小回り三月 大回り三年,アノマリー,
